,occupancy,co2,noise,humidity,temperature
2019-11-20 07:00:00+00:00,0,471.73333740234375,50.15999984741211,36.288221995035805,21.010332743326824
2019-11-20 07:30:00+00:00,0,471.73333740234375,52.31597646077474,35.6656125386556,21.133586247762043
2019-11-20 08:00:00+00:00,0,480.8555501302083,50.849998474121094,35.45824686686198,21.30693181355794
2019-11-20 08:30:00+00:00,0,511.2000020345052,52.91812260945638,35.545363108317055,21.455716451009113
2019-11-20 09:00:00+00:00,1,540.2247721354166,53.104443868001304,35.66022237141927,21.71999994913737
2019-11-20 09:30:00+00:00,1,540.9333292643229,55.1511116027832,37.1488889058431,21.723000208536785
2019-11-20 10:00:00+00:00,0,679.3540242513021,50.02222188313802,36.48111089070638,21.540555318196613
2019-11-20 10:30:00+00:00,1,741.8698527018229,50.43555577596029,35.96488952636719,21.811777750651043
2019-11-20 11:00:00+00:00,1,577.886962890625,52.74214553833008,35.81329472859701,22.00347137451172
2019-11-20 11:30:00+00:00,0,564.2333374023438,53.96888987223307,36.0238889058431,22.129666646321613
2019-11-20 12:00:00+00:00,0,562.2777709960938,55.94945398966471,36.59889602661133,22.371342341105144
2019-11-20 12:30:00+00:00,0,596.6888834635416,50.279998779296875,37.17377853393555,22.069000244140625
2019-11-20 13:00:00+00:00,0,750.8222249348959,51.25444412231445,37.21444447835287,21.941999435424805
2019-11-20 13:30:00+00:00,1,608.6845703125,51.64574686686198,37.254739125569664,22.100248336791992
2019-11-20 14:00:00+00:00,1,616.9666748046875,50.78666687011719,36.95077768961588,22.10188865661621
2019-11-20 14:30:00+00:00,1,616.4923299153646,56.57271957397461,38.263678232828774,22.230520884195965
2019-11-20 15:00:00+00:00,1,646.7260538736979,58.14111200968424,39.45455423990885,21.8804448445638
2019-11-20 15:30:00+00:00,1,787.5111083984375,51.28730010986328,38.20295524597168,21.57945442199707
2019-11-20 22:30:00+00:00,0,824.5555623372396,47.599998474121094,37.73379135131836,21.4075870513916
2019-11-20 23:00:00+00:00,0,644.927001953125,47.64022954305013,37.93331400553385,21.381724039713543
2019-11-20 23:30:00+00:00,0,443.8000081380208,47.61666742960612,38.23177719116211,21.33888880411784
2019-11-21 00:00:00+00:00,0,442.7333272298177,47.18816121419271,38.57263692220052,21.245911916097004
2019-11-21 00:30:00+00:00,0,445.3444417317708,47.13666661580404,38.80677922566732,21.202666600545246
2019-11-21 01:00:00+00:00,0,436.6222229003906,47.176666259765625,39.02155685424805,21.135777791341145
2019-11-21 01:30:00+00:00,0,437.2164815266927,47.148199717203774,39.15317153930664,21.08481216430664
2019-11-21 02:00:00+00:00,0,435.022216796875,47.17555491129557,39.28022257486979,21.06255594889323
2019-11-21 02:30:00+00:00,0,433.48888142903644,47.16260528564453,39.36229960123698,21.053244908650715
2019-11-21 03:00:00+00:00,0,432.42223103841144,47.1544443766276,39.44166692097982,21.03011131286621
2019-11-21 03:30:00+00:00,0,429.8222249348958,47.08674240112305,39.50440216064453,21.005226771036785
2019-11-21 04:00:00+00:00,0,430.0229899088542,47.03000005086263,39.54500071207682,21.003555297851562
2019-11-21 04:30:00+00:00,0,427.0,47.00555547078451,39.66477839152018,20.969778060913086
2019-11-21 05:00:00+00:00,0,430.6954040527344,47.73666763305664,39.70693333943685,20.964333216349285
2019-11-21 05:30:00+00:00,0,422.7555643717448,48.41444524129232,39.479888916015625,20.984111150105793
2019-11-21 06:00:00+00:00,1,423.8555603027344,49.583255767822266,36.816033681233726,21.22039540608724
2019-11-21 06:30:00+00:00,0,424.1298828125,49.73095703125,35.22428766886393,21.423180262247723
2019-11-21 07:00:00+00:00,0,407.45555623372394,49.903333028157554,34.29533259073893,21.48300043741862
2019-11-21 07:30:00+00:00,0,415.3666687011719,49.70888900756836,33.94855499267578,21.543777465820312
2019-11-21 08:00:00+00:00,0,412.93333943684894,50.11555608113607,33.862222035725914,21.560221989949543
2019-11-21 08:30:00+00:00,0,423.1555582682292,50.9044443766276,34.03433354695638,21.633333206176758
2019-11-21 09:00:00+00:00,1,441.5268147786458,51.066054026285805,34.01995849609375,21.69787343343099
2019-11-21 09:30:00+00:00,1,462.76666259765625,51.1544443766276,34.63611094156901,21.739222208658855
2019-11-21 10:00:00+00:00,1,522.4222106933594,48.476053873697914,34.80547078450521,21.758819580078125
2019-11-21 10:30:00+00:00,1,578.8444417317709,59.62333297729492,37.248111724853516,22.73900032043457
2019-11-21 11:00:00+00:00,1,748.8555501302084,58.83444468180338,37.934332529703774,23.02311134338379
2019-11-21 11:30:00+00:00,1,1107.5900065104167,53.4977773030599,34.97844314575195,22.70111083984375
2019-11-21 12:00:00+00:00,1,1131.4111328125,54.561302185058594,35.91299947102865,23.017126719156902
2019-11-21 12:30:00+00:00,1,621.1149495442709,55.82137934366862,36.103692372639976,23.269681930541992
2019-11-21 13:00:00+00:00,0,990.9222208658854,50.326666514078774,34.000999450683594,22.647666295369465
2019-11-21 13:30:00+00:00,0,641.2666829427084,51.862298329671226,34.14143625895182,22.467517217000324
2019-11-21 14:00:00+00:00,1,535.0222371419271,52.303332010904946,34.801778157552086,22.026888529459637
2019-11-21 14:30:00+00:00,0,489.46666463216144,50.19777806599935,35.43211237589518,21.77744420369466
2019-11-21 15:00:00+00:00,0,553.0126546223959,50.0301144917806,34.99292246500651,21.862639745076496
2019-11-21 15:30:00+00:00,0,528.022216796875,49.14666620890299,34.69677861531576,21.952444076538086
2019-11-21 16:00:00+00:00,0,482.1444498697917,49.526859283447266,34.513842264811196,21.997512817382812
2019-11-21 16:30:00+00:00,0,478.23333740234375,51.08000055948893,34.15266672770182,21.91444460550944
2019-11-21 17:00:00+00:00,0,480.8333333333333,51.022223154703774,34.07922236124674,21.91166623433431
2019-11-21 17:30:00+00:00,0,486.3743387858073,48.762221018473305,34.275778452555336,21.688889185587566
2019-11-21 18:00:00+00:00,0,471.2666727701823,49.10555521647135,34.027889251708984,21.763333638509113
2019-11-21 18:30:00+00:00,0,451.9325663248698,48.599080403645836,34.01027170817057,21.754064559936523
2019-11-21 19:00:00+00:00,0,456.04444376627606,48.942222595214844,34.65055592854818,21.33133316040039
2019-11-21 19:30:00+00:00,0,454.8777770996094,48.53222147623698,35.319889068603516,21.39355532328288
2019-11-21 20:00:00+00:00,0,448.67356363932294,48.38111114501953,35.784445444742836,21.391778310139973
2019-11-21 20:30:00+00:00,0,459.23333740234375,48.33111063639323,35.82311121622721,21.320777893066406
2019-11-21 21:00:00+00:00,0,454.1153259277344,47.361226399739586,36.3076057434082,21.362773895263672
2019-11-21 21:30:00+00:00,0,457.5111083984375,47.10777791341146,36.681776682535805,21.38344383239746
2019-11-21 22:00:00+00:00,0,464.57777913411456,47.462912241617836,37.0013058980306,21.338157018025715
2019-11-21 22:30:00+00:00,0,443.7999979654948,47.485555013020836,37.22311147054037,21.294111251831055
2019-11-21 23:00:00+00:00,0,452.8222249348958,47.53666687011719,37.533111572265625,21.250333150227863
2019-11-21 23:30:00+00:00,0,451.9796956380208,47.457777659098305,37.75033442179362,21.21566645304362
2019-11-22 00:00:00+00:00,0,454.55556233723956,47.52444585164388,38.0152219136556,21.151889165242512
2019-11-22 00:30:00+00:00,0,449.72336832682294,47.4966672261556,38.22138214111328,21.122552235921223
2019-11-22 01:00:00+00:00,0,446.8111063639323,47.49264272054037,38.370582580566406,21.100889205932617
2019-11-22 01:30:00+00:00,0,454.41111246744794,47.3768196105957,38.49215316772461,21.081827799479168
2019-11-22 02:00:00+00:00,0,443.75555419921875,47.385555267333984,38.61555480957031,21.058555603027344
2019-11-22 02:30:00+00:00,0,443.42222086588544,47.36719004313151,38.74922180175781,21.031339645385742
2019-11-22 03:00:00+00:00,0,438.60154215494794,47.35203170776367,38.875481923421226,21.012666702270508
2019-11-22 03:30:00+00:00,0,441.1222229003906,47.36111068725586,39.053332010904946,20.976999918619793
2019-11-22 04:00:00+00:00,0,441.2666727701823,47.395556131998696,39.23572285970052,20.93333689371745
2019-11-22 04:30:00+00:00,0,438.45555623372394,47.338887532552086,39.46511205037435,20.857332865397137
2019-11-22 05:00:00+00:00,0,431.97777303059894,46.97111129760742,39.60199991861979,20.836222330729168
2019-11-22 05:30:00+00:00,0,431.50343831380206,48.8488883972168,39.326778411865234,20.92966651916504
2019-11-22 06:00:00+00:00,0,431.24444580078125,49.568888346354164,38.11705525716146,21.233388900756836
2019-11-22 06:30:00+00:00,0,427.5038248697917,50.03383127848307,37.71709950764974,21.359935124715168
2019-11-22 07:00:00+00:00,0,423.8333333333333,49.46168518066406,37.53968302408854,21.46307309468587
2019-11-22 07:30:00+00:00,0,425.53333536783856,49.625555674235024,37.644110361735024,21.465999603271484
2019-11-22 08:00:00+00:00,1,434.35057576497394,51.94333267211914,38.60699971516927,21.538000106811523
2019-11-22 08:30:00+00:00,1,445.78887939453125,53.89444351196289,39.69677861531576,21.637222290039062
2019-11-22 09:00:00+00:00,1,508.6536356608073,55.413065592447914,40.934855143229164,21.538842519124348
2019-11-22 09:30:00+00:00,1,641.8888956705729,58.8066660563151,41.742777506510414,21.65744400024414
2019-11-22 10:00:00+00:00,1,680.2444458007812,53.42770131429037,42.05297342936198,21.608317693074543
2019-11-22 10:30:00+00:00,1,777.8222249348959,50.71666717529297,41.20622126261393,21.725555419921875
2019-11-22 11:00:00+00:00,1,596.2777913411459,52.627777099609375,41.0543327331543,21.940555572509766
2019-11-22 11:30:00+00:00,1,567.8969319661459,52.85222371419271,40.136555989583336,22.00844446818034
2019-11-22 12:00:00+00:00,1,558.8444417317709,58.07515207926432,39.883252461751304,22.16142463684082
2019-11-22 16:30:00+00:00,0,543.7777709960938,63.07272720336914,38.76772689819336,22.01954460144043
2019-11-22 17:00:00+00:00,0,572.1070556640625,61.627777099609375,38.72544479370117,22.0582218170166
2019-11-22 17:30:00+00:00,0,519.4063720703125,56.99000040690104,38.748888651529946,22.075889587402344
2019-11-22 18:00:00+00:00,0,512.6333211263021,55.614444732666016,38.66266632080078,22.08044497172038
2019-11-22 18:30:00+00:00,0,522.9275919596354,54.08505630493164,39.24159367879232,21.685452143351238
2019-11-22 19:00:00+00:00,0,498.1444396972656,48.40777715047201,39.502888997395836,21.535221735636394
2019-11-22 19:30:00+00:00,0,470.6999918619792,47.284444173177086,39.8784434000651,21.547889073689777
2019-11-22 20:00:00+00:00,0,462.65785725911456,47.35888799031576,40.199222564697266,21.503666559855144
2019-11-22 20:30:00+00:00,0,453.3555501302083,47.354445139567055,40.472110748291016,21.4332218170166
2019-11-22 21:00:00+00:00,0,450.69579060872394,47.4663200378418,40.56726837158203,21.430248260498047
2019-11-22 21:30:00+00:00,0,450.7888895670573,47.29666646321615,40.45770263671875,21.436124801635742
2019-11-22 22:00:00+00:00,0,449.2333272298177,47.19964472452799,40.394830067952476,21.420365651448567
2019-11-22 22:30:00+00:00,0,448.545166015625,47.18222173055013,40.62411117553711,21.388556162516277
2019-11-22 23:00:00+00:00,0,441.45555623372394,47.236131032307945,40.80048624674479,21.335838953653973
2019-11-22 23:30:00+00:00,0,435.3053690592448,47.41768137613932,40.85857264200846,21.34065119425456
2019-11-25 00:00:00+00:00,0,458.1777750651042,47.84222284952799,42.83222198486328,21.08566665649414
2019-11-25 00:30:00+00:00,0,462.8183898925781,47.860766092936196,42.76176961263021,21.12571652730306
2019-11-25 01:00:00+00:00,0,465.9111022949219,47.872222900390625,42.80366643269857,21.127110799153645
2019-11-25 01:30:00+00:00,0,455.6555480957031,47.887777964274086,42.955666859944664,21.067888895670574
2019-11-25 02:00:00+00:00,0,459.15594482421875,47.87777837117513,42.92077763875326,21.10188865661621
2019-11-25 02:30:00+00:00,0,457.92222086588544,47.85973230997721,42.88154729207357,21.128095626831055
2019-11-25 03:00:00+00:00,0,455.3195292154948,47.88551712036133,43.02997334798177,21.07427978515625
2019-11-25 03:30:00+00:00,0,454.8999938964844,47.8999989827474,43.09900029500326,21.058778127034504
2019-11-25 04:00:00+00:00,0,456.03333536783856,47.87528737386068,43.060585021972656,21.08170509338379
2019-11-25 04:30:00+00:00,0,449.2666727701823,47.887777964274086,43.080221811930336,21.07377751668294
2019-11-25 05:00:00+00:00,0,451.6555582682292,47.93000030517578,43.123555501302086,21.055777231852215
2019-11-25 05:30:00+00:00,0,445.65479532877606,49.151110331217446,43.0294443766276,21.058666229248047
2019-11-25 06:00:00+00:00,0,446.25555419921875,49.60333379109701,41.54022216796875,21.1440003712972
2019-11-25 06:30:00+00:00,0,439.3252868652344,52.346858978271484,40.488137563069664,21.44605000813802
2019-11-25 07:00:00+00:00,0,445.0111083984375,50.71333312988281,40.23688888549805,21.509110768636067
2019-11-25 07:30:00+00:00,0,439.3555603027344,51.59777704874674,40.330666859944664,21.614999771118164
2019-11-25 08:00:00+00:00,0,445.1804707845052,55.63666534423828,41.20188903808594,21.633777618408203
2019-11-25 08:30:00+00:00,0,460.79998779296875,51.232666015625,42.235511779785156,21.471777598063152
2019-11-25 09:00:00+00:00,1,556.3705037434896,58.82521057128906,44.12921015421549,21.64795430501302
2019-11-25 09:30:00+00:00,1,605.0666707356771,49.8988889058431,44.53311030069987,21.498666763305664
2019-11-25 10:00:00+00:00,0,781.0777791341146,50.387125651041664,43.572601318359375,21.47278594970703
2019-11-25 10:30:00+00:00,1,571.1999918619791,49.46666590372721,43.52177810668945,21.64111073811849
2019-11-25 11:00:00+00:00,0,547.0034586588541,51.0011100769043,43.63666661580404,21.756999969482422
2019-11-25 11:30:00+00:00,1,538.8551839192709,53.3033332824707,43.670555114746094,21.861888885498047
2019-11-25 12:00:00+00:00,1,541.3777872721354,51.253334045410156,43.628777821858726,21.946888605753582
2019-11-25 12:30:00+00:00,1,536.4716593424479,50.561492919921875,43.54990005493164,22.0484561920166
2019-11-25 13:00:00+00:00,1,544.5666707356771,55.307777404785156,44.159444173177086,21.96233304341634
2019-11-25 13:30:00+00:00,1,580.7111206054688,57.3999989827474,46.23533376057943,22.331777572631836
2019-11-25 14:00:00+00:00,1,871.5708821614584,58.429999033610024,46.18210983276367,22.34666633605957
2019-11-25 14:30:00+00:00,0,1285.9444173177083,51.87999979654948,44.45322291056315,21.75611114501953
2019-11-25 15:00:00+00:00,1,1081.3915608723958,54.49398422241211,43.59052530924479,21.801252365112305
2019-11-25 15:30:00+00:00,1,632.8888956705729,54.108238220214844,44.22170893351237,21.780920028686523
2019-11-25 16:00:00+00:00,0,687.6666666666666,51.903448740641274,44.0893185933431,21.48975118001302
2019-11-25 16:30:00+00:00,1,681.3888753255209,49.86555608113607,43.09677759806315,21.437110900878906
2019-11-25 17:00:00+00:00,0,581.5999959309896,55.84000015258789,42.49533335367838,21.58822250366211
2019-11-25 17:30:00+00:00,0,523.0291137695312,56.059808095296226,42.045379638671875,21.720731735229492
2019-11-25 18:00:00+00:00,0,486.46666463216144,50.3455556233724,41.88666661580404,21.81244468688965
2019-11-25 18:30:00+00:00,0,477.96666463216144,49.38957850138346,41.71888097127279,21.762908299763996
2019-11-25 19:00:00+00:00,0,484.3777770996094,49.13111114501953,41.67199961344401,21.751333236694336
2019-11-25 19:30:00+00:00,0,470.56667073567706,49.57999928792318,42.0653330485026,21.510889053344727
2019-11-25 20:00:00+00:00,0,460.7586161295573,49.01333363850912,42.758444468180336,21.227221806844074
2019-11-25 20:30:00+00:00,0,451.1444498697917,49.042222340901695,42.9912223815918,21.155333201090496
2019-11-25 21:00:00+00:00,0,449.0655212402344,48.972068786621094,43.042371114095054,21.131942749023438
2019-11-25 21:30:00+00:00,0,434.50001017252606,49.00551732381185,43.08083979288737,21.145284016927082
2019-11-25 22:00:00+00:00,0,435.977783203125,48.613869984944664,43.09400431315104,21.18242581685384
2019-11-25 22:30:00+00:00,0,431.1666768391927,48.55666732788086,43.35566711425781,21.187999725341797
2019-11-25 23:00:00+00:00,0,438.63332112630206,47.43555577596029,43.724222819010414,21.082667032877605
2019-11-25 23:30:00+00:00,0,428.9084167480469,47.379539489746094,43.95817311604818,21.038276036580402
2019-11-26 00:00:00+00:00,0,429.45555623372394,47.401110331217446,44.01566696166992,21.047444661458332
2019-11-26 00:30:00+00:00,0,439.57777913411456,47.39452107747396,44.06596247355143,21.062091827392578
2019-11-26 01:00:00+00:00,0,436.51111857096356,47.38888804117838,44.12888971964518,21.072555541992188
2019-11-26 01:30:00+00:00,0,430.92222086588544,47.354443868001304,44.19677734375,21.070555369059246
2019-11-26 02:00:00+00:00,0,429.057861328125,47.354445139567055,44.25466664632162,21.082333246866863
2019-11-26 02:30:00+00:00,0,428.0,47.3444455464681,44.35266621907552,21.05555534362793
2019-11-26 03:00:00+00:00,0,426.8471272786458,47.29662831624349,44.371559143066406,21.057015736897785
2019-11-26 03:30:00+00:00,0,426.04444376627606,47.35666529337565,44.404555002848305,21.067999521891277
2019-11-26 04:00:00+00:00,0,426.7777811686198,47.337050120035805,44.45594151814779,21.068835576375324
2019-11-26 04:30:00+00:00,0,427.8666687011719,47.375555674235024,44.51311111450195,21.079888661702473
2019-11-26 05:00:00+00:00,0,422.91111246744794,47.367777506510414,44.642111460367836,21.041889190673828
2019-11-26 05:30:00+00:00,0,422.9762471516927,48.92961756388346,44.64058176676432,21.05289649963379
2019-11-26 06:00:00+00:00,0,425.5111083984375,50.09000015258789,43.36333338419596,21.376221974690754
2019-11-26 06:30:00+00:00,0,431.25555419921875,50.80892690022787,43.192755381266274,21.523149490356445
2019-11-26 07:00:00+00:00,0,421.6888936360677,50.38222122192383,43.23188908894857,21.581777572631836
2019-11-26 07:30:00+00:00,0,422.62221272786456,50.777777353922524,43.162445068359375,21.785666783650715
2019-11-26 08:00:00+00:00,0,429.08888753255206,51.10888926188151,43.38411076863607,21.872333526611328
2019-11-26 08:30:00+00:00,0,434.7111104329427,51.016666412353516,43.70500055948893,21.942111333211262
2019-11-26 09:00:00+00:00,1,462.5045979817708,53.39946365356445,44.4493522644043,21.94940185546875
2019-11-26 09:30:00+00:00,1,474.04444376627606,52.6011110941569,45.820779164632164,21.783777872721355
2019-11-26 10:00:00+00:00,1,566.5111083984375,52.549041748046875,46.07534408569336,21.70316441853841
2019-11-26 10:30:00+00:00,1,537.1777750651041,50.9891103108724,47.20804341634115,21.611777623494465
2019-11-26 11:00:00+00:00,1,634.0888875325521,55.111437479654946,48.06135940551758,21.610437393188477
2019-11-26 11:30:00+00:00,1,683.7272135416666,50.56111145019531,48.10133361816406,21.591110865275066
2019-11-26 12:00:00+00:00,1,747.0865885416666,52.846665700276695,48.20622253417969,21.530333201090496
2019-11-26 12:30:00+00:00,1,709.6555582682291,54.64889017740885,48.09355545043945,22.50666681925456
2019-11-26 13:00:00+00:00,1,745.0754801432291,55.66030629475912,47.331869761149086,23.131283442179363
2019-11-26 13:30:00+00:00,1,963.6222127278646,55.001111348470054,47.6401112874349,22.482777913411457
2019-11-26 14:00:00+00:00,1,854.8111165364584,55.073448181152344,47.11649831136068,22.39581235249837
2019-11-26 14:30:00+00:00,1,758.1000162760416,54.15777715047201,47.601776123046875,22.842110951741535
2019-11-26 15:00:00+00:00,0,774.7888793945312,54.03111012776693,47.1325569152832,22.79455502827962
2019-11-26 15:30:00+00:00,1,838.0601806640625,51.16609191894531,45.965195973714195,22.490746815999348
2019-11-26 16:00:00+00:00,1,652.3888956705729,53.204444885253906,45.656333923339844,23.359999974568684
2019-11-26 16:30:00+00:00,0,693.0111083984375,50.720038096110024,45.61669031778971,22.680264790852863
2019-11-26 17:00:00+00:00,0,720.1222330729166,51.36111068725586,46.24688975016276,22.407777786254883
2019-11-26 17:30:00+00:00,0,600.4888712565104,53.39222208658854,46.40388870239258,22.359221776326496
2019-11-26 18:00:00+00:00,0,584.0727945963541,54.61111068725586,46.26433308919271,22.267000198364258
2019-11-26 18:30:00+00:00,0,542.1777750651041,48.274444580078125,46.44077682495117,22.24055544535319
2019-11-26 19:00:00+00:00,0,545.9069010416666,49.300191243489586,47.026482899983726,21.95540936787923
2019-11-26 19:30:00+00:00,0,510.6666666666667,56.65888977050781,48.23911158243815,21.75666681925456
2019-11-26 20:00:00+00:00,0,499.25555419921875,55.55061340332031,48.682387034098305,21.688433329264324
2019-11-26 20:30:00+00:00,0,555.433349609375,50.233333587646484,48.746777852376304,21.622777938842773
2019-11-26 21:00:00+00:00,0,529.9889119466146,47.96111043294271,48.93866729736328,21.575000127156574
2019-11-26 21:30:00+00:00,0,512.0226033528646,47.20873514811198,49.11142094930013,21.53008460998535
2019-11-26 22:00:00+00:00,0,482.7666727701823,47.14111073811849,49.232444763183594,21.491999944051106
2019-11-26 22:30:00+00:00,0,467.3444519042969,47.017930348714195,49.47220993041992,21.442750930786133
2019-11-26 23:00:00+00:00,0,446.8111063639323,46.89444478352865,49.58055623372396,21.39811134338379
2019-11-26 23:30:00+00:00,0,432.6444396972656,46.79555638631185,49.6272226969401,21.373111089070637
2019-11-27 00:00:00+00:00,0,426.46435546875,46.77969487508138,49.58778508504232,21.399808247884113
2019-11-27 00:30:00+00:00,0,423.7999979654948,46.82559331258138,49.409689585367836,21.4390926361084
2019-11-27 01:00:00+00:00,0,418.9835205078125,46.727970123291016,49.294256846110024,21.454103469848633
2019-11-27 01:30:00+00:00,0,423.3333435058594,46.85888926188151,49.203111012776695,21.449888865152996
2019-11-27 02:00:00+00:00,0,422.1222229003906,46.79260508219401,49.13183848063151,21.46812629699707
2019-11-27 02:30:00+00:00,0,421.1444498697917,46.800000508626304,49.083333333333336,21.450999577840168
2019-11-27 03:00:00+00:00,0,416.6222229003906,46.8922233581543,49.003220876057945,21.443000157674152
2019-11-27 03:30:00+00:00,0,411.6620686848958,46.80023066202799,48.98098882039388,21.415076573689777
2019-11-27 04:00:00+00:00,0,408.98888142903644,46.90777842203776,48.940111796061196,21.381444295247395
2019-11-27 04:30:00+00:00,0,412.7888895670573,47.12532424926758,48.8266855875651,21.39698855082194
2019-11-27 05:00:00+00:00,0,411.9888916015625,47.07999928792318,48.81877644856771,21.366222381591797
2019-11-27 05:30:00+00:00,0,411.2888895670573,48.18888854980469,48.81622314453125,21.345889409383137
2019-11-27 06:00:00+00:00,0,410.55401611328125,49.117777506510414,47.99847920735677,21.389889399210613
2019-11-27 06:30:00+00:00,0,410.5333251953125,51.38888804117838,46.95699946085612,21.7124449412028
2019-11-27 07:00:00+00:00,0,414.0149332682292,50.1922607421875,46.310525258382164,21.89315350850423
2019-11-27 07:30:00+00:00,0,402.48888142903644,50.12222162882487,46.00833257039388,21.85766665140788
2019-11-27 08:00:00+00:00,0,410.2000020345052,49.87295150756836,45.820987701416016,21.965482076009113
2019-11-27 08:30:00+00:00,0,413.7888895670573,50.5977783203125,45.79144414265951,22.070332845052082
2019-11-27 09:00:00+00:00,1,422.37778727213544,52.05444463094076,45.7088877360026,22.08388900756836
2019-11-27 09:30:00+00:00,0,444.11916097005206,50.97735595703125,45.60182317097982,22.144498189290363
2019-11-27 10:00:00+00:00,0,462.8777770996094,51.08333206176758,45.49055608113607,22.211666742960613
2019-11-27 10:30:00+00:00,0,492.1444498697917,50.81337229410807,45.53005345662435,22.199329376220703
2019-11-27 11:00:00+00:00,1,488.1333312988281,54.256666819254555,45.39077885945638,22.26788902282715
2019-11-27 11:30:00+00:00,1,480.91111246744794,55.39222208658854,45.83255513509115,21.84833272298177
2019-11-27 12:00:00+00:00,0,506.6333414713542,53.983333587646484,45.32222112019857,21.911999384562176
2019-11-27 12:30:00+00:00,1,513.2111104329427,52.61666615804037,44.51933288574219,22.108333587646484
2019-11-27 13:00:00+00:00,1,501.947509765625,52.19624455769857,43.95699564615885,22.106582005818684
2019-11-27 13:30:00+00:00,0,474.07777913411456,52.024444580078125,43.53755569458008,22.131222407023113
2019-11-27 14:00:00+00:00,1,468.09999593098956,54.18547821044922,43.54692586263021,22.122344970703125
2019-11-27 14:30:00+00:00,0,467.4888916015625,48.617777506510414,44.97233327229818,22.004889170328777
2019-11-27 15:00:00+00:00,1,515.3111165364584,54.387776692708336,46.00766626993815,21.77577781677246
2019-11-27 15:30:00+00:00,1,558.1368001302084,58.28321838378906,46.59498596191406,21.744455973307293
2019-11-27 16:00:00+00:00,1,744.9849039713541,50.69666544596354,45.95122273763021,21.46500015258789
2019-11-27 16:30:00+00:00,0,819.7777709960938,51.43674341837565,45.02873229980469,21.46408462524414
2019-11-27 17:00:00+00:00,0,526.3888956705729,51.06555684407552,44.532666524251304,21.654778162638348
2019-11-27 17:30:00+00:00,0,467.00001017252606,49.63888804117838,44.40622202555338,21.670666376749676
2019-11-27 18:00:00+00:00,0,438.00229899088544,49.43999989827474,44.57522328694662,21.6473331451416
2019-11-27 18:30:00+00:00,0,430.27777099609375,49.37777837117513,44.617777506510414,21.725777943929035
2019-11-27 19:00:00+00:00,0,418.7118835449219,50.01302591959635,45.640907287597656,21.341777801513672
2019-11-27 19:30:00+00:00,0,407.2777811686198,50.15666707356771,46.345001220703125,21.100000381469727
2019-11-27 20:00:00+00:00,0,407.1666666666667,49.44632212320963,46.868343353271484,21.023038228352863
2019-11-27 20:30:00+00:00,0,402.7000020345052,49.21222178141276,47.20100021362305,21.064778010050457
2019-11-27 21:00:00+00:00,0,401.6111145019531,48.87000020345052,47.56133270263672,21.067888895670574
2019-11-27 21:30:00+00:00,0,408.6111145019531,48.612223307291664,47.68599955240885,21.11744435628255
2019-11-27 22:00:00+00:00,0,403.74444580078125,47.47666676839193,47.915444691975914,21.125
2019-11-27 22:30:00+00:00,0,404.7804667154948,47.346666971842446,48.26213073730469,21.08506202697754
2019-11-27 23:00:00+00:00,0,405.96666463216144,47.31444295247396,48.39710998535156,21.080555597941082
2019-11-27 23:30:00+00:00,0,407.38889567057294,47.31666692097982,48.51822280883789,21.08155568440755
2019-11-28 00:00:00+00:00,0,409.3666687011719,47.58555475870768,48.75300089518229,21.037777582804363
2019-11-28 00:30:00+00:00,0,406.40000406901044,47.709999084472656,48.89322153727213,21.01877784729004
2019-11-28 01:00:00+00:00,0,408.32337443033856,47.68965403238932,48.97149912516276,21.014041900634766
2019-11-28 01:30:00+00:00,0,402.95555623372394,47.72888946533203,49.10244496663412,20.99566650390625
2019-11-28 02:00:00+00:00,0,403.7111104329427,47.76149368286133,49.191176096598305,20.980356216430664
2019-11-28 02:30:00+00:00,0,402.477783203125,47.723333994547524,49.17311096191406,21.01266606648763
2019-11-28 03:00:00+00:00,0,408.3888854980469,47.78888829549154,49.13622156778971,21.044666926066082
2019-11-28 03:30:00+00:00,0,410.972412109375,47.11180114746094,49.31616083780924,20.99574343363444
2019-11-28 04:00:00+00:00,0,405.47777303059894,47.066270192464195,49.27471415201823,21.02405548095703
2019-11-28 04:30:00+00:00,0,402.522216796875,47.02781550089518,49.3351796468099,21.01544443766276
2019-11-28 05:00:00+00:00,0,407.2222188313802,47.18222173055013,49.33700052897135,21.024333318074543
2019-11-28 05:30:00+00:00,0,407.05555216471356,48.64666620890299,49.28377787272135,21.048999786376953
2019-11-28 06:00:00+00:00,0,403.97547403971356,50.93555577596029,47.192222595214844,21.357222239176433
2019-11-28 06:30:00+00:00,0,404.55556233723956,51.573333740234375,46.11599858601888,21.594444274902344
2019-11-28 07:00:00+00:00,0,400.837158203125,51.49854405721029,45.770023345947266,21.651152928670246
2019-11-28 07:30:00+00:00,0,403.6111145019531,51.0,46.67866643269857,21.202666600545246
2019-11-28 08:00:00+00:00,0,411.04444376627606,51.06587219238281,45.999769846598305,21.586753845214844
2019-11-28 08:30:00+00:00,1,419.42222086588544,51.936667124430336,46.2392209370931,21.701444625854492
2019-11-28 09:00:00+00:00,0,429.03333536783856,54.07666524251302,46.675333658854164,21.75177828470866
2019-11-28 09:30:00+00:00,0,449.1260477701823,52.13111114501953,46.70599873860677,21.816111246744793
2019-11-28 10:00:00+00:00,0,495.8999938964844,51.84333292643229,46.91688919067383,21.741444269816082
2019-11-28 10:30:00+00:00,1,525.7268269856771,52.332069396972656,47.05076344807943,21.672440846761067
2019-11-28 11:00:00+00:00,1,537.4222208658854,54.653333028157554,47.44888814290365,21.710110982259113
2019-11-28 11:30:00+00:00,1,535.2888793945312,56.037776947021484,49.059889475504555,21.91066614786784
2019-11-28 12:00:00+00:00,0,714.3187662760416,55.91222127278646,48.136000315348305,21.64377784729004
2019-11-28 12:30:00+00:00,0,852.6777750651041,50.81000010172526,47.601444244384766,21.647666295369465
2019-11-28 13:00:00+00:00,1,552.6808471679688,54.72651290893555,46.769508361816406,21.888869603474934
2019-11-28 13:30:00+00:00,0,511.56666056315106,56.14444478352865,47.58944447835287,21.70199966430664
2019-11-28 14:00:00+00:00,0,589.1555582682291,56.23131306966146,48.353048960367836,21.48701540629069
2019-11-28 14:30:00+00:00,1,637.433349609375,63.98666763305664,50.31477737426758,22.202555974324543
2019-11-28 15:00:00+00:00,1,937.7555541992188,60.034444173177086,48.918444315592446,21.962555567423504
2019-11-28 15:30:00+00:00,0,1247.3248697916667,50.01088078816732,47.83804575602213,21.823130289713543
2019-11-28 16:00:00+00:00,0,778.45556640625,49.73222223917643,47.02844365437826,21.820111592610676
2019-11-28 16:30:00+00:00,0,593.7777913411459,50.09371566772461,46.16927973429362,21.921900431315105
2019-11-28 17:00:00+00:00,0,499.6666666666667,49.94111124674479,45.672777811686196,21.970666249593098
2019-11-28 17:30:00+00:00,0,487.97777303059894,48.76888910929362,45.276110331217446,21.999555587768555
2019-11-28 18:00:00+00:00,0,489.05938720703125,49.336666107177734,45.848777770996094,21.553889592488606
2019-11-28 18:30:00+00:00,0,471.0333251953125,49.39222081502279,45.831555684407554,21.347888946533203
2019-11-28 19:00:00+00:00,0,457.6609191894531,49.5138308207194,45.774819691975914,21.24703025817871
2019-11-28 19:30:00+00:00,0,442.05555216471356,49.08111063639323,45.689221700032554,21.268222173055012
2019-11-28 20:00:00+00:00,0,428.2888895670573,48.99551645914713,46.01333999633789,21.29832585652669
2019-11-28 20:30:00+00:00,0,435.52222696940106,48.952222188313804,46.39655558268229,21.323444366455078
2019-11-28 21:00:00+00:00,0,427.99998982747394,48.62888971964518,45.886555989583336,21.667666753133137
2019-11-28 21:30:00+00:00,0,426.3861999511719,46.93999989827474,45.50744374593099,21.885889053344727
2019-11-28 22:00:00+00:00,0,421.7000020345052,47.09999974568685,46.15955479939779,21.682666142781574
2019-11-28 22:30:00+00:00,0,423.84251912434894,47.23567199707031,46.64354451497396,21.398866017659504
2019-11-28 23:00:00+00:00,0,424.2111104329427,47.25444539388021,46.81588872273763,21.33988889058431
2019-11-28 23:30:00+00:00,0,417.75555419921875,47.28000132242838,46.95888900756836,21.274333318074543
2019-11-29 00:00:00+00:00,0,422.9291280110677,47.27222188313802,47.05788930257162,21.251555760701496
2019-11-29 00:30:00+00:00,0,413.3333231608073,47.26777776082357,47.054443359375,21.232221603393555
2019-11-29 01:00:00+00:00,0,412.0061340332031,47.2911491394043,47.1081911722819,21.217233657836914
2019-11-29 01:30:00+00:00,0,412.3444417317708,47.292222340901695,47.197001139322914,21.176666259765625
2019-11-29 02:00:00+00:00,0,413.7111104329427,47.311379750569664,47.179693857828774,21.17135238647461
2019-11-29 02:30:00+00:00,0,412.1444396972656,47.31999969482422,47.20244471232096,21.132999420166016
2019-11-29 03:00:00+00:00,0,411.1777852376302,47.33107248942057,47.15059280395508,21.12676175435384
2019-11-29 03:30:00+00:00,0,414.04444376627606,47.31482823689779,47.154842376708984,21.09243329366048
2019-11-29 04:00:00+00:00,0,413.56666056315106,47.356667836507164,47.133444468180336,21.094444274902344
2019-11-29 04:30:00+00:00,0,408.6777750651042,47.35394541422526,47.15202331542969,21.071797053019207
2019-11-29 05:00:00+00:00,0,405.8333333333333,47.401110331217446,47.15655644734701,21.041555404663086
2019-11-29 05:30:00+00:00,0,406.93332926432294,48.37777837117513,46.89977773030599,21.073111216227215
2019-11-29 06:00:00+00:00,0,406.8881123860677,49.289999643961586,42.01177724202474,21.400444666544598
2019-11-29 06:30:00+00:00,1,414.7999979654948,49.26666768391927,39.997999827067055,21.476444244384766
2019-11-29 07:00:00+00:00,0,407.8406168619792,48.543295542399086,38.77104949951172,21.470521291097004
2019-11-29 07:30:00+00:00,0,404.1444498697917,49.67555491129557,38.45844395955404,21.556333541870117
2019-11-29 08:00:00+00:00,0,412.53333536783856,49.51547876993815,38.1474978129069,21.594540278116863
2019-11-29 08:30:00+00:00,0,420.8222249348958,49.63999938964844,38.1694450378418,21.713443756103516
2019-11-29 09:00:00+00:00,0,453.7222188313802,50.604443868001304,37.35944493611654,21.813666025797527
2019-11-29 09:30:00+00:00,0,464.5210673014323,52.48716354370117,37.79786682128906,21.93181610107422
2019-11-29 10:00:00+00:00,1,474.2444559733073,51.86444346110026,37.590999603271484,21.910666783650715
2019-11-29 10:30:00+00:00,0,497.26666259765625,54.247432708740234,38.82819620768229,21.887298583984375
2019-11-29 11:00:00+00:00,0,558.8777669270834,53.03777821858724,38.166666666666664,21.68577766418457
2019-11-29 11:30:00+00:00,0,570.1111043294271,53.82444508870443,38.62511189778646,21.866444269816082
2019-11-29 12:00:00+00:00,0,508.7229919433594,51.9055544535319,38.92655563354492,21.980777740478516
2019-11-29 12:30:00+00:00,0,519.4777628580729,51.83000055948893,38.98311106363932,21.895111083984375
2019-11-29 13:00:00+00:00,1,499.2107238769531,55.680344899495445,38.75591913859049,22.06936772664388
2019-11-29 13:30:00+00:00,0,476.72222900390625,51.43333307902018,38.07144419352213,21.776111602783203
2019-11-29 14:00:00+00:00,0,573.3666585286459,50.47199249267578,37.13668568929037,21.823663075764973
2019-11-29 14:30:00+00:00,0,557.3110961914062,50.057778676350914,36.730889638264976,21.923222223917644
2019-11-29 15:00:00+00:00,1,543.7111002604166,49.846666971842446,36.224666595458984,21.892444610595703
2019-11-29 15:30:00+00:00,0,558.3264567057291,49.8793093363444,35.59726079305013,21.859486262003582
2019-11-29 16:00:00+00:00,0,516.9000040690104,49.5466677347819,35.958885192871094,21.86139424641927
2019-11-29 16:30:00+00:00,0,498.3555501302083,47.82892735799154,35.63517379760742,21.879302978515625
2019-11-29 17:00:00+00:00,0,507.02777099609375,47.774444580078125,35.81688944498698,21.937777837117512
2019-11-29 17:30:00+00:00,0,471.6222330729167,47.7055549621582,36.48955535888672,21.613444646199543
2019-11-29 18:00:00+00:00,0,449.1153157552083,47.9466667175293,36.801222483317055,21.46588897705078
2019-11-29 18:30:00+00:00,0,439.53333536783856,47.952222188313804,36.95711135864258,21.402333577473957
2019-11-29 19:00:00+00:00,0,441.0946350097656,47.83524831136068,37.10142135620117,21.37573178609212
2019-11-29 19:30:00+00:00,0,441.24444580078125,47.66444396972656,37.26288986206055,21.494443893432617
2019-11-29 20:00:00+00:00,0,438.8333333333333,47.60712687174479,37.658111572265625,21.50498898824056
2019-11-29 20:30:00+00:00,0,441.53333536783856,47.49777857462565,37.98011016845703,21.507110595703125
2019-11-29 21:00:00+00:00,0,444.3444417317708,47.444444020589195,38.261555989583336,21.496111551920574
2019-11-29 21:30:00+00:00,0,442.88927205403644,47.403334299723305,38.519334157307945,21.496222178141277
2019-11-29 22:00:00+00:00,0,444.2555643717448,47.40141805013021,38.761592864990234,21.489241282145183
2019-11-29 22:30:00+00:00,0,447.3739522298177,47.38540267944336,38.99497731526693,21.489030202229817
2019-11-29 23:00:00+00:00,0,446.1444498697917,47.37999979654948,39.21488825480143,21.488222122192383
2019-11-29 23:30:00+00:00,0,442.75555419921875,47.35333251953125,39.44633229573568,21.490777333577473
2019-12-02 00:00:00+00:00,0,444.25401814778644,47.4466667175293,40.01811091105143,21.01988919576009
2019-12-02 00:30:00+00:00,0,444.7777811686198,47.46888860066732,40.15277862548828,21.004777908325195
2019-12-02 01:00:00+00:00,0,448.0532531738281,47.466705322265625,40.31367746988932,20.986138025919598
2019-12-02 01:30:00+00:00,0,450.6111145019531,47.405555725097656,40.502333323160805,20.96299997965495
2019-12-02 02:00:00+00:00,0,455.42222086588544,47.330230712890625,40.61949793497721,20.9410457611084
2019-12-02 02:30:00+00:00,0,449.7444559733073,47.17555491129557,40.78411102294922,20.922444661458332
2019-12-02 03:00:00+00:00,0,448.2000020345052,47.08777745564779,40.93377812703451,20.90222231547038
2019-12-02 03:30:00+00:00,0,459.86207071940106,47.08773930867513,41.03991190592448,20.891337076822918
2019-12-02 04:00:00+00:00,0,457.43333943684894,47.13999938964844,41.169778188069664,20.88088862101237
2019-12-02 04:30:00+00:00,0,459.7111104329427,47.151224772135414,41.281080881754555,20.869011561075848
2019-12-02 05:00:00+00:00,0,458.8888854980469,47.21444447835287,41.40988794962565,20.85355567932129
2019-12-02 05:30:00+00:00,0,454.59999593098956,47.43333307902018,41.54644521077474,20.839221954345703
2019-12-02 06:00:00+00:00,0,460.49041748046875,49.09777704874674,40.08477783203125,20.74311065673828
2019-12-02 06:30:00+00:00,0,462.7222188313802,52.318888346354164,37.80311075846354,21.04655583699544
2019-12-02 07:00:00+00:00,0,479.52184041341144,50.37471262613932,37.18631108601888,21.144866307576496
2019-12-02 07:30:00+00:00,1,494.56666056315106,51.21888860066732,37.18933359781901,21.20277722676595
2019-12-02 08:00:00+00:00,1,522.6999918619791,51.19172286987305,37.8488883972168,21.27069346110026
2019-12-02 08:30:00+00:00,0,530.4666748046875,51.2033322652181,38.66555531819662,21.33300018310547
2019-12-02 09:00:00+00:00,1,511.74444580078125,52.96888987223307,40.08666737874349,21.498777389526367
2019-12-02 09:30:00+00:00,0,551.7241414388021,49.58486557006836,40.67556635538737,21.3639653523763
2019-12-02 10:00:00+00:00,1,573.45556640625,52.5011100769043,41.395222981770836,21.645111083984375
2019-12-02 10:30:00+00:00,1,594.5555623372396,49.37900416056315,41.12265141805013,21.81734848022461
2019-12-02 11:00:00+00:00,0,580.6888834635416,53.46777852376302,40.65322240193685,21.9983336130778
2019-12-02 11:30:00+00:00,1,551.1444498697916,56.02222188313802,40.27366638183594,22.202999750773113
2019-12-02 12:00:00+00:00,1,541.1739501953125,51.95110956827799,39.83999888102213,21.850777943929035
2019-12-02 12:30:00+00:00,1,641.4666748046875,54.34999974568685,40.00744374593099,22.121667226155598
2019-12-02 13:00:00+00:00,1,643.0555623372396,55.339195251464844,40.79644012451172,22.23166338602702
2019-12-02 13:30:00+00:00,1,873.9222412109375,56.047777811686196,41.21055475870768,22.1935551961263
2019-12-02 14:00:00+00:00,1,977.7333374023438,57.16857147216797,40.7729606628418,22.033968607584637
2019-12-02 14:30:00+00:00,1,931.95556640625,55.06111145019531,41.00833384195963,23.31255594889323
2019-12-02 15:00:00+00:00,1,1001.2555338541666,54.34333292643229,39.4281120300293,23.168333689371746
2019-12-02 15:30:00+00:00,1,1151.9263916015625,49.75808461507162,39.08346811930338,22.40963617960612
2019-12-02 16:00:00+00:00,0,639.4222208658854,49.3033332824707,38.92644373575846,22.610222498575848
2019-12-02 16:30:00+00:00,1,573.9000244140625,49.669962565104164,39.249271392822266,22.500804265340168
2019-12-02 17:00:00+00:00,0,572.7666625976562,50.666666666666664,39.57677714029948,22.23455556233724
2019-12-02 17:30:00+00:00,0,531.0888875325521,48.485555013020836,39.64433288574219,22.12566630045573
2019-12-02 18:00:00+00:00,0,497.61341349283856,48.446667989095054,39.69799931844076,22.081111272176106
2019-12-02 18:30:00+00:00,0,486.74444580078125,48.12666575113932,39.77233378092448,22.05388832092285
2019-12-02 19:00:00+00:00,0,491.92029825846356,48.52451960245768,40.541175842285156,21.608551661173504
2019-12-02 19:30:00+00:00,0,478.6111145019531,48.18000030517578,41.07577768961588,21.423110961914062
2019-12-02 20:00:00+00:00,0,471.3777770996094,48.52761967976888,41.641064961751304,21.322730382283527
2019-12-02 20:30:00+00:00,0,463.3333333333333,50.69333267211914,41.88966751098633,21.324888865152996
2019-12-02 21:00:00+00:00,0,470.522216796875,49.529998779296875,41.944444020589195,21.30466651916504
2019-12-02 21:30:00+00:00,0,461.70421346028644,48.37605412801107,42.07820256551107,21.349582036336262
2019-12-02 22:00:00+00:00,0,457.05555216471356,48.008889516194664,42.211778004964195,21.3407777150472
2019-12-02 22:30:00+00:00,0,446.07777913411456,47.49762471516927,42.4601796468099,21.29834493001302
2019-12-02 23:00:00+00:00,0,439.7999979654948,47.46666717529297,42.58366775512695,21.261777877807617
2019-12-02 23:30:00+00:00,0,443.1444396972656,47.44555536905924,42.69233322143555,21.254555384318035
2019-12-03 00:00:00+00:00,0,435.04942830403644,47.48444366455078,42.85855611165365,21.212666829427082
2019-12-03 00:30:00+00:00,0,436.3111165364583,47.444445292154946,42.91788864135742,21.20366668701172
2019-12-03 01:00:00+00:00,0,441.85862223307294,47.4853630065918,42.98593521118164,21.197946548461914
2019-12-03 01:30:00+00:00,0,435.8999938964844,47.444445292154946,43.05844370524088,21.201555252075195
2019-12-03 02:00:00+00:00,0,432.6777750651042,47.508889516194664,43.158102671305336,21.17858632405599
2019-12-03 02:30:00+00:00,0,428.03333536783856,47.4588877360026,43.13111114501953,21.219111760457356
2019-12-03 03:00:00+00:00,0,431.45555623372394,47.508888244628906,43.25044377644857,21.1727778116862
2019-12-03 03:30:00+00:00,0,425.7386983235677,47.45153299967448,43.18848673502604,21.2022762298584
2019-12-03 04:00:00+00:00,0,424.1111145019531,47.46999994913737,43.318111419677734,21.16811180114746
2019-12-03 04:30:00+00:00,0,424.1222229003906,47.45256678263346,43.326708475748696,21.172061284383137
2019-12-03 05:00:00+00:00,0,423.43333943684894,47.5022226969401,43.42222213745117,21.134777704874676
2019-12-03 05:30:00+00:00,0,422.6111145019531,48.321112314860024,43.3129997253418,21.132666269938152
2019-12-03 06:00:00+00:00,0,425.3141682942708,49.385555267333984,40.97999954223633,21.228000005086262
2019-12-03 06:30:00+00:00,0,434.8222249348958,49.68000030517578,39.97711054484049,21.360222498575848
2019-12-03 07:00:00+00:00,0,437.2283528645833,49.12383143107096,39.22954813639323,21.40021514892578
2019-12-03 07:30:00+00:00,0,446.94444783528644,49.34111022949219,38.842000325520836,21.436999638875324
2019-12-03 08:00:00+00:00,0,459.58888753255206,49.87034479777018,38.97231419881185,21.484168370564777
2019-12-03 08:30:00+00:00,0,483.73333740234375,49.565555572509766,39.21922175089518,21.557222366333008
2019-12-03 09:00:00+00:00,0,504.1222229003906,49.75371551513672,39.55200322469076,21.66290028889974
2019-12-03 09:30:00+00:00,0,510.2091878255208,49.14145533243815,39.68473815917969,21.858133951822918
2019-12-03 10:00:00+00:00,1,543.2888793945312,49.49360148111979,39.9350954691569,21.9603754679362
2019-12-03 10:30:00+00:00,0,546.95556640625,48.99662780761719,40.046417236328125,22.063206990559895
2019-12-03 11:00:00+00:00,1,539.0777791341146,51.756666819254555,40.04922358194987,22.120222091674805
2019-12-03 11:30:00+00:00,1,528.8000081380209,55.661111195882164,40.932778676350914,22.27544403076172
2019-12-03 12:00:00+00:00,1,534.6210734049479,55.297776540120445,41.79111099243164,22.04433314005534
2019-12-03 12:30:00+00:00,1,708.6111043294271,52.99000040690104,41.238444010416664,21.809555689493816
2019-12-03 13:00:00+00:00,1,775.2820027669271,57.982835133870445,41.31831359863281,21.76233736673991
2019-12-03 13:30:00+00:00,1,683.4666748046875,52.4022216796875,40.986778259277344,21.64977773030599
2019-12-03 14:00:00+00:00,1,722.5777791341146,51.375555674235024,40.73622131347656,21.57544453938802
2019-12-03 14:30:00+00:00,1,607.9107259114584,53.807777404785156,40.56755574544271,21.804999669392902
2019-12-03 15:00:00+00:00,1,590.0777791341146,55.88222122192383,42.851444244384766,22.264111200968426
2019-12-03 15:30:00+00:00,1,939.5697224934896,55.90804545084635,43.49721018473307,22.252773920694988
2019-12-03 16:00:00+00:00,1,1300.7333170572917,56.859999338785805,43.11144510904948,22.335444768269856
2019-12-03 16:30:00+00:00,1,1344.1777750651042,53.833868662516274,42.97100702921549,21.73995018005371
2019-12-03 17:00:00+00:00,1,1103.9444986979167,60.26333363850912,41.97633361816406,21.669666926066082
2019-12-03 17:30:00+00:00,0,936.477783203125,56.96444447835287,40.153778076171875,21.585333506266277
2019-12-03 18:00:00+00:00,0,697.9563395182291,51.67777887980143,39.37755584716797,21.660332997639973
2019-12-03 18:30:00+00:00,0,558.5,48.756666819254555,38.80011113484701,21.636999766031902
2019-12-03 19:00:00+00:00,0,512.7264506022135,48.69873555501302,38.45908737182617,21.649119059244793
2019-12-03 19:30:00+00:00,0,481.4666748046875,47.83555475870768,38.93888854980469,21.505889256795246
2019-12-03 20:00:00+00:00,0,477.92222086588544,48.333639780680336,39.436248779296875,21.390164057413738
2019-12-03 20:30:00+00:00,0,476.8999938964844,47.862222035725914,39.94555536905924,21.393665949503582
2019-12-03 21:00:00+00:00,0,475.07777913411456,47.91555531819662,40.310333251953125,21.367666244506836
2019-12-03 21:30:00+00:00,0,477.45631917317706,47.94616826375326,40.51568603515625,21.364463806152344
2019-12-03 22:00:00+00:00,0,474.7444356282552,47.90471267700195,40.64973704020182,21.33796564737956
2019-12-03 22:30:00+00:00,0,474.92223103841144,47.9326426188151,40.758941650390625,21.33045196533203
2019-12-03 23:00:00+00:00,0,474.7999979654948,47.79333368937174,40.96722284952799,21.28333346048991
2019-12-03 23:30:00+00:00,0,470.7111104329427,47.48888905843099,41.36377716064453,21.156666437784832
2019-12-04 00:00:00+00:00,0,476.25938924153644,47.50777689615885,41.54711151123047,21.136999766031902
2019-12-04 00:30:00+00:00,0,473.2888895670573,47.53555552164713,41.78155644734701,21.08066685994466
2019-12-04 01:00:00+00:00,0,470.16705322265625,47.50337219238281,41.864752451578774,21.075735727945965
2019-12-04 01:30:00+00:00,0,466.09999593098956,47.53333409627279,42.07011159261068,21.020444869995117
2019-12-04 02:00:00+00:00,0,463.98888142903644,47.48777770996094,42.07255554199219,21.036444346110027
2019-12-04 02:30:00+00:00,0,467.9264322916667,47.69555536905924,42.076778411865234,21.043111165364582
2019-12-04 03:00:00+00:00,0,463.1888936360677,47.93222300211588,40.83488845825195,20.991778055826824
2019-12-04 03:30:00+00:00,0,458.6252746582031,47.694253285725914,41.26740646362305,20.969988505045574
2019-12-04 04:00:00+00:00,0,466.6666666666667,47.879425048828125,41.32526397705078,20.989517211914062
2019-12-04 04:30:00+00:00,0,459.3444519042969,47.9516855875651,40.43301900227865,20.930264155069988
2019-12-04 05:00:00+00:00,0,458.7888895670573,48.14222208658854,40.79977798461914,20.883000055948894
2019-12-04 05:30:00+00:00,0,454.3888854980469,49.91333262125651,40.823777516682945,20.686222076416016
2019-12-04 06:00:00+00:00,0,457.0973205566406,50.063334147135414,38.407222747802734,20.681888580322266
2019-12-04 06:30:00+00:00,0,468.2222188313802,53.33000055948893,36.868333180745445,21.075000762939453
2019-12-04 07:00:00+00:00,0,470.32030232747394,50.230000813802086,35.94456354777018,21.19132932027181
2019-12-04 07:30:00+00:00,0,475.977783203125,51.06777699788412,35.46711222330729,21.24411137898763
2019-12-04 08:00:00+00:00,0,487.57777913411456,51.783257802327476,35.341888427734375,21.366432189941406
2019-12-04 08:30:00+00:00,1,500.0111083984375,51.40000025431315,35.47755559285482,21.4863338470459
2019-12-04 09:00:00+00:00,0,518.9666748046875,51.96777852376302,36.03077824910482,21.661666870117188
2019-12-04 09:30:00+00:00,1,564.248291015625,56.59605407714844,36.39652887980143,21.95129903157552
2019-12-04 10:00:00+00:00,1,595.1111043294271,54.66199239095052,36.787506103515625,21.693257013956707
2019-12-04 10:30:00+00:00,0,678.6555379231771,48.67819849650065,37.67109680175781,21.69593111673991
2019-12-04 11:00:00+00:00,0,711.7555745442709,53.096666971842446,36.97011057535807,21.816333770751953
2019-12-04 11:30:00+00:00,1,646.0333251953125,54.42222340901693,36.82299931844076,22.02744420369466
2019-12-04 12:00:00+00:00,1,592.8482869466146,54.29666646321615,36.95622253417969,22.265222549438477
2019-12-04 12:30:00+00:00,1,581.477783203125,60.539999643961586,37.72444407145182,22.352333068847656
2019-12-04 13:00:00+00:00,1,686.1011555989584,55.41107304890951,38.23454030354818,22.436628977457683
2019-12-04 13:30:00+00:00,1,858.3222249348959,61.331111907958984,40.56266657511393,22.728110631306965
2019-12-04 14:00:00+00:00,1,1074.2111002604167,54.954444885253906,38.253222147623696,22.393778483072918
2019-12-04 14:30:00+00:00,0,1328.1363932291667,55.094444274902344,37.1631113688151,21.91200002034505
2019-12-04 15:00:00+00:00,1,797.6888834635416,52.03777821858724,37.16922251383463,21.853777567545574
2019-12-04 15:30:00+00:00,1,678.7731730143229,50.894598642985024,37.13268534342448,21.960118611653645
2019-12-04 16:00:00+00:00,0,667.477783203125,49.99555587768555,36.810778299967446,21.862221399943035
2019-12-04 16:30:00+00:00,0,610.0777791341146,57.77402369181315,36.683920542399086,21.85552469889323
2019-12-04 17:00:00+00:00,0,569.8888753255209,52.55728022257487,36.366494496663414,21.85812250773112
2019-12-04 17:30:00+00:00,0,565.4000040690104,48.73111089070638,36.18188985188802,21.85277811686198
2019-12-04 18:00:00+00:00,0,541.9563395182291,48.17777633666992,35.974222819010414,21.848666508992512
2019-12-04 18:30:00+00:00,0,516.9111124674479,48.12333297729492,35.78755569458008,21.842999776204426
2019-12-04 19:00:00+00:00,0,488.9708760579427,48.06199264526367,35.84645207722982,21.747861862182617
2019-12-04 19:30:00+00:00,0,475.58887736002606,48.423333485921226,36.76599884033203,21.531888961791992
2019-12-04 20:00:00+00:00,0,472.51111857096356,47.859118143717446,37.0839729309082,21.500904083251953
2019-12-04 20:30:00+00:00,0,474.5111083984375,47.87306594848633,37.508644104003906,21.51421864827474
2019-12-04 21:00:00+00:00,0,475.96666463216144,47.56999969482422,37.70588938395182,21.52033297220866
2019-12-04 21:30:00+00:00,0,487.90574137369794,47.49609120686849,37.85702387491862,21.519973119099934
2019-12-04 22:00:00+00:00,0,488.9111022949219,47.49222183227539,38.12100092569987,21.48722203572591
2019-12-04 22:30:00+00:00,0,494.5888977050781,47.446590423583984,38.181559244791664,21.461310068766277
2019-12-04 23:00:00+00:00,0,490.8555603027344,47.403333028157554,38.43744405110677,21.417888641357422
2019-12-04 23:30:00+00:00,0,486.08887736002606,47.43333307902018,38.701778411865234,21.34655507405599
2019-12-05 00:00:00+00:00,0,478.9214579264323,47.41444396972656,38.90700022379557,21.273667017618816
2019-12-05 00:30:00+00:00,0,482.73333740234375,47.11111068725586,39.09522247314453,21.20466677347819
2019-12-05 01:00:00+00:00,0,477.22337849934894,47.20589955647787,39.07763163248698,21.211819966634113
2019-12-05 01:30:00+00:00,0,485.91111246744794,47.055555979410805,39.17766571044922,21.175111134847004
2019-12-05 02:00:00+00:00,0,481.1888834635417,47.33111063639323,39.09555435180664,21.130444208780926
2019-12-05 02:30:00+00:00,0,479.0904235839844,47.47777811686198,37.98566818237305,21.113666534423828
2019-12-05 03:00:00+00:00,0,475.05556233723956,47.431111653645836,38.38877741495768,21.072222391764324
2019-12-05 03:30:00+00:00,0,476.64942423502606,47.44616826375326,38.56222915649414,21.079854329427082
2019-12-05 04:00:00+00:00,0,480.43333943684894,47.44777806599935,38.71888860066732,21.04811159769694
2019-12-05 04:30:00+00:00,0,482.3777770996094,47.42597579956055,38.87368901570638,21.020689646402996
2019-12-05 05:00:00+00:00,0,475.5111083984375,47.33000055948893,39.01255544026693,20.984221776326496
2019-12-05 05:30:00+00:00,0,477.53333536783856,48.58111063639323,38.82544453938802,20.9689998626709
2019-12-05 06:00:00+00:00,0,475.85402425130206,49.354864756266274,35.39162826538086,21.264256795247395
2019-12-05 06:30:00+00:00,0,485.95555623372394,49.382222493489586,33.57255554199219,21.43833351135254
2019-12-05 07:00:00+00:00,0,491.7091979980469,50.29543940226237,32.58750534057617,21.521670659383137
2019-12-05 07:30:00+00:00,0,494.91111246744794,50.3488883972168,32.197444915771484,21.500333150227863
2019-12-05 08:00:00+00:00,1,493.3111165364583,55.29333368937174,33.38588841756185,21.65311113993327
2019-12-05 08:30:00+00:00,1,514.9122721354166,54.98222223917643,34.80710983276367,22.019332885742188
2019-12-05 09:00:00+00:00,1,754.8777872721354,54.12111155192057,35.0596669514974,22.088666915893555
2019-12-05 09:30:00+00:00,1,886.4402262369791,53.2679697672526,34.38043721516927,21.809099197387695
2019-12-05 10:00:00+00:00,1,719.2777506510416,53.524444580078125,35.48855463663737,21.755555470784504
2019-12-05 10:30:00+00:00,1,682.9555460611979,54.69789123535156,36.28681310017904,21.71442159016927
2019-12-05 11:00:00+00:00,0,789.9000040690104,54.74486541748047,36.18288548787435,21.581594467163086
2019-12-05 11:30:00+00:00,0,731.0,54.916666666666664,35.623555501302086,21.596333185831707
2019-12-05 12:00:00+00:00,1,675.2019246419271,52.680460611979164,35.415245056152344,21.666632334391277
2019-12-05 12:30:00+00:00,1,617.3555501302084,55.006666819254555,36.14799880981445,21.797000249226887
2019-12-05 13:00:00+00:00,0,637.5340983072916,49.17724100748698,36.73235321044922,21.49940236409505
2019-12-05 13:30:00+00:00,0,788.1444295247396,49.08555603027344,36.56466547648112,21.482222239176433
2019-12-05 14:00:00+00:00,0,678.4777628580729,48.45666631062826,36.535332997639976,21.553555806477863
2019-12-05 14:30:00+00:00,0,614.1739501953125,48.0533332824707,37.23955535888672,21.260778427124023
2019-12-05 15:00:00+00:00,1,576.2777709960938,61.16999944051107,37.73488744099935,21.388111750284832
2019-12-05 15:30:00+00:00,0,554.5126546223959,50.356014251708984,38.47806930541992,21.498088200887043
2019-12-05 16:00:00+00:00,1,717.0777791341146,50.52666727701823,38.329444885253906,21.530778249104817
2019-12-05 16:30:00+00:00,0,588.2111206054688,50.60616938273112,38.12526321411133,21.65991147359212
2019-12-05 17:00:00+00:00,0,559.7888997395834,49.411111195882164,38.07144546508789,21.693777720133465
2019-12-05 17:30:00+00:00,0,517.4777628580729,49.00444412231445,37.94588851928711,21.761555989583332
2019-12-05 18:00:00+00:00,0,488.52527872721356,48.53000005086263,37.76511001586914,21.791778564453125
2019-12-05 18:30:00+00:00,0,472.7444559733073,48.78333409627279,38.17022196451823,21.447556177775066
2019-12-05 19:00:00+00:00,0,460.2647399902344,48.237548828125,38.15796915690104,21.344165166219074
2019-12-05 19:30:00+00:00,0,447.08888753255206,47.438889821370445,38.48188781738281,21.4092222849528
2019-12-05 20:00:00+00:00,0,441.05555216471356,47.20325597127279,38.75097783406576,21.405513763427734
2019-12-05 20:30:00+00:00,0,431.46705118815106,47.10777791341146,38.98088836669922,21.421667098999023
2019-12-05 21:00:00+00:00,0,433.5930582682292,47.180397033691406,39.31213506062826,21.40926170349121
2019-12-05 21:30:00+00:00,0,440.7701110839844,47.470742543538414,39.46833419799805,21.379109700520832
2019-12-05 22:00:00+00:00,0,439.25555419921875,47.78222147623698,39.65566635131836,21.367000579833984
2019-12-05 22:30:00+00:00,0,445.56667073567706,47.8077392578125,39.7857666015625,21.30685806274414
2019-12-05 23:00:00+00:00,0,438.94443766276044,47.854445139567055,39.99233373006185,21.257666269938152
2019-12-05 23:30:00+00:00,0,438.1444396972656,47.88444519042969,40.4086659749349,21.116777420043945
2019-12-06 00:00:00+00:00,0,435.42490641276044,47.864444732666016,40.62744394938151,21.060667037963867
2019-12-06 00:30:00+00:00,0,432.62221272786456,47.88888804117838,40.800332387288414,21.025000254313152
2019-12-06 01:00:00+00:00,0,439.6973164876302,47.82750956217448,40.894256591796875,21.026194890340168
2019-12-06 01:30:00+00:00,0,433.93332926432294,47.73777770996094,40.98755645751953,21.013333002726238
2019-12-06 02:00:00+00:00,0,432.7666727701823,47.77222188313802,41.00066630045573,21.036000569661457
2019-12-06 02:30:00+00:00,0,429.63869222005206,47.78555425008138,40.920998891194664,21.122888565063477
2019-12-06 03:00:00+00:00,0,435.1888834635417,47.493333180745445,41.224221547444664,21.002666473388672
2019-12-06 03:30:00+00:00,0,430.90268961588544,47.39540227254232,41.330379486083984,20.978506088256836
2019-12-06 04:00:00+00:00,0,427.42222086588544,47.43555577596029,41.44366709391276,20.954999923706055
2019-12-06 04:30:00+00:00,0,428.3333333333333,47.3853645324707,41.43307622273763,20.976727803548176
2019-12-06 05:00:00+00:00,0,433.42222086588544,47.48593775431315,41.55659739176432,20.94207255045573
2019-12-06 05:30:00+00:00,0,426.1222229003906,49.7488899230957,41.1695556640625,21.05122248331706
2019-12-06 06:00:00+00:00,0,436.0,49.80888875325521,39.704001108805336,21.355222702026367
2019-12-06 06:30:00+00:00,0,429.51109822591144,49.555555979410805,39.26655578613281,21.381333033243816
2019-12-06 07:00:00+00:00,0,412.7501932779948,49.41406122843424,39.007249196370445,21.512313842773438
2019-12-06 07:30:00+00:00,0,419.8111063639323,49.93000030517578,39.18555577596029,21.564667383829754
2019-12-06 08:00:00+00:00,1,429.0,49.4779307047526,40.34526824951172,21.591812133789062
2019-12-06 08:30:00+00:00,1,460.0398457845052,48.45000076293945,40.995443979899086,21.464444478352863
2019-12-06 09:00:00+00:00,1,531.1222330729166,49.362222035725914,41.6607780456543,21.271778106689453
2019-12-06 09:30:00+00:00,1,554.3563232421875,49.799041748046875,42.032283782958984,21.186429341634113
2019-12-06 10:00:00+00:00,1,574.6555379231771,49.85888799031576,42.29577763875326,21.10355567932129
2019-12-06 10:30:00+00:00,1,596.0306396484375,49.89133961995443,41.846177419026695,21.405149459838867
2019-12-06 11:00:00+00:00,0,577.4333292643229,50.18888854980469,41.850999196370445,21.55044428507487
2019-12-06 11:30:00+00:00,1,580.1333414713541,50.137777964274086,41.88544464111328,21.634666442871094
2019-12-06 12:00:00+00:00,1,553.2406005859375,49.06444422403971,42.65877787272135,21.385000228881836
2019-12-06 12:30:00+00:00,1,607.4888916015625,53.021111806233726,42.93900044759115,21.623999913533527
2019-12-06 13:00:00+00:00,1,587.9613037109375,48.841495513916016,43.70043182373047,21.386735916137695
2019-12-06 13:30:00+00:00,1,631.3222249348959,58.277777353922524,44.2978884379069,21.285555521647137
2019-12-06 14:00:00+00:00,1,647.8777669270834,56.99777857462565,44.52255503336588,21.580555597941082
2019-12-06 14:30:00+00:00,1,723.55517578125,61.28888829549154,47.84611129760742,22.02922185262044
2019-12-06 15:00:00+00:00,1,935.7666625976562,57.61555480957031,49.109110514322914,22.08066685994466
2019-12-06 15:30:00+00:00,1,1303.1720377604167,57.07406107584635,48.013973236083984,21.988796869913738
2019-12-06 16:00:00+00:00,1,1288.9888509114583,48.23222223917643,46.010555267333984,21.664333979288738
2019-12-06 16:30:00+00:00,0,875.3000081380209,52.3978157043457,45.778892517089844,21.62132517496745
2019-12-06 17:00:00+00:00,0,666.9444580078125,48.82222239176432,44.600443522135414,21.547000249226887
2019-12-06 17:30:00+00:00,0,572.5,48.91555658976237,43.7348887125651,21.764777501424152
2019-12-06 18:00:00+00:00,0,481.5647481282552,49.32888921101888,43.63400014241537,21.656333287556965
2019-12-06 18:30:00+00:00,0,464.3111165364583,49.26222229003906,44.03166580200195,21.4092222849528
2019-12-06 19:00:00+00:00,0,442.8475036621094,49.209425608317055,44.13288116455078,21.35195795694987
2019-12-06 19:30:00+00:00,0,430.0,48.972222646077476,44.101444244384766,21.412777582804363
2019-12-06 20:00:00+00:00,0,425.44444783528644,48.14934794108073,44.20102310180664,21.547428766886394
2019-12-06 20:30:00+00:00,0,426.83371988932294,47.28111267089844,44.449666341145836,21.585222244262695
2019-12-06 21:00:00+00:00,0,432.40000406901044,47.26555633544922,44.75877888997396,21.55555534362793
2019-12-06 21:30:00+00:00,0,426.2616780598958,47.791455586751304,44.82491938273112,21.59016482035319
2019-12-06 22:00:00+00:00,0,419.91111246744794,47.35777791341146,44.93544387817383,21.582555770874023
2019-12-06 22:30:00+00:00,0,425.59999593098956,47.19341023763021,45.02528762817383,21.551589330037434
2019-12-06 23:00:00+00:00,0,425.3999938964844,47.22333272298177,45.14188893636068,21.518666585286457
2019-12-06 23:30:00+00:00,0,419.8555603027344,47.204444885253906,45.268332163492836,21.53788948059082
2019-12-09 00:00:00+00:00,0,419.1310323079427,47.17394765218099,43.21922175089518,20.71736017862956
2019-12-09 00:30:00+00:00,0,412.1666666666667,47.15777715047201,43.30477778116862,20.70888900756836
2019-12-09 01:00:00+00:00,0,407.41111246744794,47.16203053792318,43.376678466796875,20.70403480529785
2019-12-09 01:30:00+00:00,0,412.05556233723956,47.168888092041016,43.458221435546875,20.69099998474121
2019-12-09 02:00:00+00:00,0,417.11110432942706,47.181111653645836,43.532666524251304,20.68133290608724
2019-12-09 02:30:00+00:00,0,416.71033732096356,47.186667124430336,43.60866673787435,20.6641108194987
2019-12-09 03:00:00+00:00,0,411.3555603027344,47.359999338785805,43.699110666910805,20.63866678873698
2019-12-09 03:30:00+00:00,0,413.28851318359375,47.19724146525065,43.7303835550944,20.647865931193035
2019-12-09 04:00:00+00:00,0,414.94443766276044,47.411111195882164,43.80577723185221,20.62433369954427
2019-12-09 04:30:00+00:00,0,412.3222147623698,48.8568967183431,43.892401377360024,20.600671132405598
2019-12-09 05:00:00+00:00,0,414.6555480957031,47.24555460611979,43.94844436645508,20.592111587524414
2019-12-09 05:30:00+00:00,0,408.4666748046875,48.09111022949219,43.890665690104164,20.596777598063152
2019-12-09 06:00:00+00:00,0,409.07777913411456,49.48777770996094,41.5596669514974,20.94011052449544
2019-12-09 06:30:00+00:00,0,411.977783203125,50.56777826944987,40.791333516438804,21.074555079142254
2019-12-09 07:00:00+00:00,0,419.5256652832031,50.01360066731771,40.28055318196615,21.168463389078777
2019-12-09 07:30:00+00:00,0,425.3111063639323,49.97999954223633,39.98366673787435,21.245777765909832
2019-12-09 08:00:00+00:00,0,431.7999979654948,58.83777872721354,41.0629997253418,21.342888514200848
2019-12-09 08:30:00+00:00,0,439.3999938964844,51.21666717529297,42.04511006673177,21.32700030008952
2019-12-09 09:00:00+00:00,0,618.7651163736979,54.40666580200195,42.302111307779946,21.283000310262043
2019-12-09 09:30:00+00:00,0,542.1390584309896,65.56439971923828,43.71580378214518,21.493144989013672
2019-12-09 10:00:00+00:00,0,630.477783203125,55.207777659098305,44.40822219848633,21.406222025553387
2019-12-09 10:30:00+00:00,0,771.9888916015625,54.27160898844401,44.61476516723633,21.354923884073894
2019-12-09 11:00:00+00:00,0,815.9555460611979,54.04888916015625,44.318111419677734,21.2891108194987
2019-12-09 11:30:00+00:00,0,806.5111083984375,55.124444325764976,43.23733393351237,21.45544370015462
2019-12-09 12:00:00+00:00,0,575.3574625651041,52.367087046305336,43.22964096069336,21.666126251220703
2019-12-09 12:30:00+00:00,0,557.8777872721354,56.77551778157552,44.49706141153971,22.253629048665363
2019-12-09 13:00:00+00:00,0,550.8000081380209,55.509081522623696,46.554693857828774,22.3343448638916
2019-12-09 13:30:00+00:00,0,1136.1111246744792,56.66555531819662,44.15399932861328,21.907111485799152
2019-12-09 14:00:00+00:00,0,1211.2444254557292,54.846666971842446,44.11277643839518,21.73788833618164
2019-12-09 14:30:00+00:00,0,853.8015340169271,54.676666259765625,43.44633356730143,21.598555246988933
2019-12-09 15:00:00+00:00,0,667.4620564778646,52.365325927734375,42.556172688802086,21.510276158650715
2019-12-09 15:30:00+00:00,0,628.2816162109375,52.477901458740234,42.475049336751304,21.605444590250652
2019-12-09 16:00:00+00:00,0,664.0666707356771,49.13666661580404,41.882555643717446,21.49588902791341
2019-12-09 16:30:00+00:00,0,745.6777750651041,57.8038698832194,41.52418009440104,21.51703453063965
2019-12-09 17:00:00+00:00,0,761.066650390625,57.48222351074219,41.544334411621094,21.501444498697918
2019-12-09 17:30:00+00:00,0,855.9540201822916,56.710305531819664,40.93105697631836,21.53617223103841
2019-12-09 18:00:00+00:00,0,993.0406087239584,49.21685791015625,38.21750259399414,21.35122553507487
2019-12-09 18:30:00+00:00,0,795.6000162760416,48.681111653645836,37.33544413248698,21.523333231608074
2019-12-09 19:00:00+00:00,0,484.24444580078125,49.11635971069336,37.47229131062826,21.362355550130207
2019-12-09 19:30:00+00:00,0,447.08888753255206,48.54111099243164,38.04722213745117,21.245999654134113
2019-12-09 20:00:00+00:00,0,441.2222188313802,47.76888910929362,38.41122182210287,21.29277801513672
2019-12-09 20:30:00+00:00,0,438.4023030598958,48.300000508626304,38.499776204427086,21.324222564697266
2019-12-09 21:00:00+00:00,0,438.73333740234375,47.17444356282552,38.94388961791992,21.270111083984375
2019-12-09 21:30:00+00:00,0,433.89003499348956,47.36957804361979,39.43609491984049,21.176551183064777
2019-12-09 22:00:00+00:00,0,433.97777303059894,47.6544443766276,39.497666676839195,21.196444829305012
2019-12-09 22:30:00+00:00,0,428.58888753255206,47.17689641316732,39.28850173950195,21.201003392537434
2019-12-09 23:00:00+00:00,0,434.43333943684894,47.38444519042969,39.381221771240234,21.185221989949543
2019-12-09 23:30:00+00:00,0,434.2666727701823,47.22333272298177,39.217000325520836,21.179667154947918
2019-12-10 00:00:00+00:00,0,426.3436787923177,47.42866007486979,39.514095306396484,21.122161229451496
2019-12-10 00:30:00+00:00,0,428.3333333333333,47.62777837117513,39.64866638183594,21.117111206054688
2019-12-10 01:00:00+00:00,0,424.22222900390625,47.94578552246094,39.95036061604818,21.059064865112305
2019-12-10 01:30:00+00:00,0,422.6444498697917,47.96777852376302,40.28799947102865,20.983888626098633
2019-12-10 02:00:00+00:00,0,426.6222330729167,47.9988899230957,40.590222676595054,20.901333491007488
2019-12-10 02:30:00+00:00,0,420.9325663248698,48.04444376627604,40.862667083740234,20.835110982259113
2019-12-10 03:00:00+00:00,0,421.05555216471356,47.90666707356771,41.05066680908203,20.780333201090496
2019-12-10 03:30:00+00:00,0,421.4567057291667,48.04249064127604,41.182203928629555,20.736777623494465
2019-12-10 04:00:00+00:00,0,416.8555501302083,48.003334045410156,40.21811040242513,20.70811144510905
2019-12-10 04:30:00+00:00,0,416.90000406901044,48.02586364746094,40.58694203694662,20.673981348673504
2019-12-10 05:00:00+00:00,0,428.3555501302083,48.03666687011719,40.868333180745445,20.594777425130207
2019-12-10 05:30:00+00:00,0,426.91111246744794,49.27111053466797,41.01377868652344,20.572333653767902
2019-12-10 06:00:00+00:00,0,418.63218180338544,50.2477773030599,38.54916127522787,20.90279706319173
2019-12-10 06:30:00+00:00,0,434.1666666666667,51.79111099243164,37.33466593424479,21.098222096761067
